Date,Adj Close
2019-01-02,35891.51953125
2019-01-03,35513.7109375
2019-01-04,35695.1015625
2019-01-07,35850.16015625
2019-01-08,35980.9296875
2019-01-09,36212.91015625
2019-01-10,36106.5
2019-01-11,36009.83984375
2019-01-14,35853.55859375
2019-01-15,36318.328125
2019-01-16,36321.2890625
2019-01-17,36374.078125
2019-01-18,36386.609375
2019-01-21,36578.9609375
2019-01-22,36444.640625
2019-01-23,36108.46875
2019-01-24,36195.1015625
2019-01-25,36025.5390625
2019-01-28,35656.69921875
2019-01-29,35592.5
2019-01-30,35591.25
2019-01-31,36256.69140625
2019-02-01,36469.4296875
2019-02-04,36582.73828125
2019-02-05,36616.80859375
2019-02-06,36975.23046875
2019-02-07,36971.08984375
2019-02-08,36546.48046875
2019-02-11,36395.03125
2019-02-12,36153.62109375
2019-02-14,35876.21875
2019-02-15,35808.94921875
2019-02-18,35498.44140625
2019-02-19,35352.609375
2019-02-20,35756.26171875
2019-02-21,35898.3515625
2019-02-22,35871.48046875
2019-02-25,36213.37890625
2019-02-26,35973.7109375
2019-02-27,35905.4296875
2019-02-28,35867.44140625
2019-03-01,36063.80859375
2019-03-05,36442.5390625
2019-03-06,36636.1015625
2019-03-07,36725.421875
2019-03-08,36671.4296875
2019-03-11,37054.1015625
2019-03-12,37535.66015625
2019-03-13,37752.171875
2019-03-14,37754.890625
2019-03-15,38024.3203125
2019-03-18,38095.0703125
2019-03-19,38363.46875
2019-03-20,38386.75
2019-03-22,38164.609375
2019-03-25,37808.91015625
2019-03-26,38233.41015625
2019-03-27,38132.87890625
2019-03-28,38545.71875
2019-04-01,38871.87109375
2019-04-02,39056.6484375
2019-04-03,38877.12109375
2019-04-04,38684.71875
2019-04-05,38862.23046875
2019-04-08,38700.53125
2019-04-09,38939.21875
2019-04-10,38585.3515625
2019-04-11,38607.01171875
2019-04-12,38767.109375
2019-04-15,38905.83984375
2019-04-16,39275.640625
2019-04-18,39140.28125
2019-04-22,38645.1796875
2019-04-23,38564.87890625
2019-04-24,39054.6796875
2019-04-25,38730.859375
2019-04-26,39067.328125
2019-04-30,39031.55078125
2019-05-02,38981.4296875
2019-05-03,38963.26171875
2019-05-06,38600.33984375
2019-05-07,38276.62890625
2019-05-08,37789.12890625
2019-05-09,37558.91015625
2019-05-10,37462.98828125
2019-05-13,37090.8203125
2019-05-14,37318.53125
2019-05-15,37114.87890625
2019-05-16,37393.48046875
2019-05-17,37930.76953125
2019-05-20,39352.671875
2019-05-21,38969.80078125
2019-05-22,39110.2109375
2019-05-23,38811.390625
2019-05-24,39434.71875
2019-05-27,39683.2890625
2019-05-28,39749.73046875
2019-05-29,39502.05078125
2019-05-30,39831.96875
2019-05-31,39714.19921875
2019-06-03,40267.62109375
2019-06-04,40083.5390625
2019-06-06,39529.71875
2019-06-07,39615.8984375
2019-06-10,39784.51953125
2019-06-11,39950.4609375
2019-06-12,39756.80859375
2019-06-13,39741.359375
2019-06-14,39452.0703125
2019-06-17,38960.7890625
2019-06-18,39046.33984375
2019-06-19,39112.73828125
2019-06-20,39601.62890625
2019-06-21,39194.48828125
2019-06-24,39122.9609375
2019-06-25,39434.94140625
2019-06-26,39592.078125
2019-06-27,39586.41015625
2019-06-28,39394.640625
2019-07-01,39686.5
2019-07-02,39816.48046875
2019-07-03,39839.25
2019-07-04,39908.05859375
2019-07-05,39513.390625
2019-07-08,38720.5703125
2019-07-09,38730.8203125
2019-07-10,38557.0390625
2019-07-11,38823.109375
2019-07-12,38736.23046875
2019-07-15,38896.7109375
2019-07-16,39131.0390625
2019-07-17,39215.640625
2019-07-18,38897.4609375
2019-07-19,38337.01171875
2019-07-22,38031.12890625
2019-07-23,37982.73828125
2019-07-24,37847.6484375
2019-07-25,37830.98046875
2019-07-26,37882.7890625
2019-07-29,37686.37109375
2019-07-30,37397.23828125
2019-07-31,37481.12109375
2019-08-01,37018.3203125
2019-08-02,37118.21875
2019-08-05,36699.83984375
2019-08-06,36976.8515625
2019-08-07,36690.5
2019-08-08,37327.359375
2019-08-09,37581.91015625
2019-08-13,36958.16015625
2019-08-14,37311.53125
2019-08-16,37350.328125
2019-08-19,37402.48828125
2019-08-20,37328.01171875
2019-08-21,37060.37109375
2019-08-22,36472.9296875
2019-08-23,36701.16015625
2019-08-26,37494.12109375
2019-08-27,37641.26953125
2019-08-28,37451.83984375
2019-08-29,37068.9296875
2019-08-30,37332.7890625
2019-09-03,36562.91015625
2019-09-04,36724.73828125
2019-09-05,36644.421875
2019-09-06,36981.76953125
2019-09-09,37145.44921875
2019-09-11,37270.8203125
2019-09-12,37104.28125
2019-09-13,37384.98828125
2019-09-16,37123.30859375
2019-09-17,36481.08984375
2019-09-18,36563.87890625
2019-09-19,36093.46875
2019-09-20,38014.62109375
2019-09-23,39090.03125
2019-09-24,39097.140625
2019-09-25,38593.51953125
2019-09-26,38989.73828125
2019-09-27,38822.5703125
2019-09-30,38667.328125
2019-10-01,38305.41015625
2019-10-03,38106.87109375
2019-10-04,37673.30859375
2019-10-07,37531.98046875
2019-10-09,38177.94921875
2019-10-10,37880.3984375
2019-10-11,38127.078125
2019-10-14,38214.46875
2019-10-15,38506.08984375
2019-10-16,38598.98828125
2019-10-17,39052.05859375
2019-10-18,39298.37890625
2019-10-22,38963.83984375
2019-10-23,39058.828125
2019-10-24,39020.390625
2019-10-25,39058.05859375
2019-10-29,39831.83984375
2019-10-30,40051.87109375
2019-10-31,40129.05078125
2019-11-01,40165.03125
2019-11-04,40301.9609375
2019-11-05,40248.23046875
2019-11-06,40469.78125
2019-11-07,40653.73828125
2019-11-08,40323.609375
2019-11-11,40345.078125
2019-11-13,40116.05859375
2019-11-14,40286.48046875
2019-11-15,40356.69140625
2019-11-18,40284.19140625
2019-11-19,40469.69921875
2019-11-20,40651.640625
2019-11-21,40575.171875
2019-11-22,40359.41015625
2019-11-25,40889.23046875
2019-11-26,40821.30078125
2019-11-27,41020.609375
2019-11-28,41130.171875
2019-11-29,40793.80859375
2019-12-02,40802.171875
2019-12-03,40675.44921875
2019-12-04,40850.2890625
2019-12-05,40779.58984375
2019-12-06,40445.1484375
2019-12-09,40487.4296875
2019-12-10,40239.87890625
2019-12-11,40412.5703125
2019-12-12,40581.7109375
2019-12-13,41009.7109375
2019-12-16,40938.71875
2019-12-17,41352.171875
2019-12-18,41558.5703125
2019-12-19,41673.921875
2019-12-20,41681.5390625
2019-12-23,41642.66015625
2019-12-24,41461.26171875
2019-12-26,41163.76171875
2019-12-27,41575.140625
2019-12-30,41558.0
2019-12-31,41253.73828125
2020-01-02,41626.640625
2020-01-03,41464.609375
2020-01-06,40676.62890625
2020-01-07,40869.46875
2020-01-08,40817.73828125
2020-01-09,41452.3515625
2020-01-10,41599.71875
2020-01-13,41859.69140625
2020-01-14,41952.62890625
2020-01-15,41872.73046875
2020-01-16,41932.55859375
2020-01-17,41945.37109375
2020-01-20,41528.91015625
2020-01-21,41323.80859375
2020-01-22,41115.37890625
2020-01-23,41386.3984375
2020-01-24,41613.19140625
2020-01-27,41155.12109375
2020-01-28,40966.859375
2020-01-29,41198.66015625
2020-01-30,40913.8203125
2020-01-31,40723.48828125
2020-02-03,39872.30859375
2020-02-04,40789.37890625
2020-02-05,41142.66015625
2020-02-06,41306.03125
2020-02-07,41141.8515625
2020-02-10,40979.62109375
2020-02-11,41216.140625
2020-02-12,41565.8984375
2020-02-13,41459.7890625
2020-02-14,41257.73828125
2020-02-17,41055.69140625
2020-02-18,40894.37890625
2020-02-19,41323.0
2020-02-20,41170.12109375
2020-02-24,40363.23046875
2020-02-25,40281.19921875
2020-02-26,39888.9609375
2020-02-27,39745.66015625
2020-02-28,38297.2890625
2020-03-02,38144.01953125
2020-03-03,38623.69921875
2020-03-04,38409.48046875
2020-03-05,38470.609375
2020-03-06,37576.62109375
2020-03-09,35634.94921875
2020-03-11,35697.3984375
2020-03-12,32778.140625
2020-03-13,34103.48046875
2020-03-16,31390.0703125
2020-03-17,30579.08984375
2020-03-18,28869.509765625
2020-03-19,28288.23046875
2020-03-20,29915.9609375
2020-03-23,25981.240234375
2020-03-24,26674.029296875
2020-03-25,28535.779296875
2020-03-26,29946.76953125
2020-03-27,29815.58984375
2020-03-30,28440.3203125
2020-03-31,29468.490234375
2020-04-01,28265.310546875
2020-04-03,27590.94921875
2020-04-07,30067.2109375
2020-04-08,29893.9609375
2020-04-09,31159.619140625
2020-04-13,30690.01953125
2020-04-15,30379.810546875
2020-04-16,30602.609375
2020-04-17,31588.720703125
2020-04-20,31648.0
2020-04-21,30636.7109375
2020-04-22,31379.55078125
2020-04-23,31863.080078125
2020-04-24,31327.220703125
2020-04-27,31743.080078125
2020-04-28,32114.51953125
2020-04-29,32720.16015625
2020-04-30,33717.62109375
2020-05-04,31715.349609375
2020-05-05,31453.509765625
2020-05-06,31685.75
2020-05-07,31443.380859375
2020-05-08,31642.69921875
2020-05-11,31561.220703125
2020-05-12,31371.119140625
2020-05-13,32008.609375
2020-05-14,31122.890625
2020-05-15,31097.73046875
2020-05-18,30028.98046875
2020-05-19,30196.169921875
2020-05-20,30818.609375
2020-05-21,30932.900390625
2020-05-22,30672.58984375
2020-05-26,30609.30078125
2020-05-27,31605.220703125
2020-05-28,32200.58984375
2020-05-29,32424.099609375
2020-06-01,33303.51953125
2020-06-02,33825.53125
2020-06-03,34109.5390625
2020-06-04,33980.69921875
2020-06-05,34287.23828125
2020-06-08,34370.578125
2020-06-09,33956.69140625
2020-06-10,34247.05078125
2020-06-11,33538.37109375
2020-06-12,33780.890625
2020-06-15,33228.80078125
2020-06-16,33605.21875
2020-06-17,33507.921875
2020-06-18,34208.05078125
2020-06-19,34731.73046875
2020-06-22,34911.3203125
2020-06-23,35430.4296875
2020-06-24,34868.98046875
2020-06-25,34842.1015625
2020-06-26,35171.26953125
2020-06-29,34961.51953125
2020-06-30,34915.80078125
2020-07-01,35414.44921875
2020-07-02,35843.69921875
2020-07-03,36021.421875
2020-07-06,36487.28125
2020-07-07,36674.51953125
2020-07-08,36329.01171875
2020-07-09,36737.69140625
2020-07-10,36594.328125
2020-07-13,36693.69140625
2020-07-14,36033.05859375
2020-07-15,36051.80859375
2020-07-16,36471.6796875
2020-07-17,37020.140625
2020-07-20,37418.98828125
2020-07-21,37930.328125
2020-07-22,37871.51953125
2020-07-23,38140.46875
2020-07-24,38128.8984375
2020-07-27,37934.73046875
2020-07-28,38492.94921875
2020-07-29,38071.12890625
2020-07-30,37736.0703125
2020-07-31,37606.890625
2020-08-03,36939.6015625
2020-08-04,37687.91015625
2020-08-05,37663.328125
2020-08-06,38025.44921875
2020-08-07,38040.5703125
2020-08-10,38182.078125
2020-08-11,38407.01171875
2020-08-12,38369.62890625
2020-08-13,38310.48828125
2020-08-14,37877.33984375
2020-08-17,38050.78125
2020-08-18,38528.3203125
2020-08-19,38614.7890625
2020-08-20,38220.390625
2020-08-21,38434.71875
2020-08-24,38799.078125
2020-08-25,38843.87890625
2020-08-26,39073.921875
2020-08-27,39113.46875
2020-08-28,39467.30859375
2020-08-31,38628.2890625
2020-09-01,38900.80078125
2020-09-02,39086.03125
2020-09-03,38990.94140625
2020-09-04,38357.1796875
2020-09-07,38417.23046875
2020-09-08,38365.3515625
2020-09-09,38193.921875
2020-09-10,38840.3203125
2020-09-11,38854.55078125
2020-09-14,38756.62890625
2020-09-15,39044.3515625
2020-09-16,39302.8515625
2020-09-17,38979.8515625
2020-09-18,38845.8203125
2020-09-21,38034.140625
2020-09-22,37734.078125
2020-09-23,37668.421875
2020-09-24,36553.6015625
2020-09-25,37388.66015625
2020-09-28,37981.62890625
2020-09-29,37973.21875
2020-09-30,38067.9296875
2020-10-01,38697.05078125
2020-10-05,38973.69921875
2020-10-06,39574.5703125
2020-10-07,39878.94921875
2020-10-08,40182.671875
2020-10-09,40509.48828125
2020-10-12,40593.80078125
2020-10-13,40625.51171875
2020-10-14,40794.73828125
2020-10-15,39728.41015625
2020-10-16,39982.98046875
2020-10-19,40431.6015625
2020-10-20,40544.37109375
2020-10-21,40707.30859375
2020-10-22,40558.48828125
2020-10-23,40685.5
2020-10-26,40145.5
2020-10-27,40522.1015625
2020-10-28,39922.4609375
2020-10-29,39749.8515625
2020-10-30,39614.0703125
2020-11-02,39757.578125
2020-11-03,40261.12890625
2020-11-04,40616.140625
2020-11-05,41340.16015625
2020-11-06,41893.05859375
2020-11-09,42597.4296875
2020-11-10,43277.6484375
2020-11-11,43593.671875
2020-11-12,43357.19140625
2020-11-13,43443.0
2020-11-17,43952.7109375
2020-11-18,44180.05078125
2020-11-19,43599.9609375
2020-11-20,43882.25
2020-11-23,44077.1484375
2020-11-24,44523.01953125
2020-11-25,43828.1015625
2020-11-26,44259.73828125
2020-11-27,44149.71875
2020-12-01,44655.44140625
2020-12-02,44618.0390625
2020-12-03,44632.6484375
2020-12-04,45079.55078125
2020-12-07,45426.96875
2020-12-08,45608.51171875
2020-12-09,46103.5
2020-12-10,45959.87890625
2020-12-11,46099.01171875
2020-12-14,46253.4609375
2020-12-15,46263.171875
2020-12-16,46666.4609375
2020-12-17,46890.33984375
2020-12-18,46960.69140625
2020-12-21,45553.9609375
2020-12-22,46006.69140625
2020-12-23,46444.1796875
2020-12-24,46973.5390625
2020-12-28,47353.75
2020-12-29,47613.078125
2020-12-30,47746.21875
2020-12-31,47751.328125
2021-01-01,47868.98046875
2021-01-04,48176.80078125
2021-01-05,48437.78125
2021-01-06,48174.05859375
2021-01-07,48093.3203125
2021-01-08,48782.51171875
2021-01-11,49269.3203125
2021-01-12,49517.109375
2021-01-13,49492.3203125
2021-01-14,49584.16015625
2021-01-15,49034.671875
2021-01-18,48564.26953125
2021-01-19,49398.2890625
2021-01-20,49792.12109375
2021-01-21,49624.76171875
2021-01-22,48878.5390625
2021-01-25,48347.58984375
2021-01-27,47409.9296875
2021-01-28,46874.359375
2021-01-29,46285.76953125
2021-02-01,48600.609375
2021-02-02,49797.71875
2021-02-03,50255.75
2021-02-04,50614.2890625
2021-02-05,50731.62890625
2021-02-08,51348.76953125
2021-02-09,51329.078125
2021-02-10,51309.390625
2021-02-11,51531.51953125
2021-02-12,51544.30078125
2021-02-15,52154.12890625
2021-02-16,52104.171875
2021-02-17,51703.828125
2021-02-18,51324.69140625
2021-02-19,50889.76171875
2021-02-22,49744.3203125
2021-02-23,49751.41015625
2021-02-24,50781.69140625
2021-02-25,51039.30859375
2021-02-26,49099.98828125
2021-03-01,49849.83984375
2021-03-02,50296.890625
2021-03-03,51444.6484375
2021-03-04,50846.078125
2021-03-05,50405.3203125
2021-03-08,50441.0703125
2021-03-09,51025.48046875
2021-03-10,51279.51171875
2021-03-12,50792.078125
2021-03-15,50395.078125
2021-03-16,50363.9609375
2021-03-17,49801.62109375
2021-03-18,49216.51953125
2021-03-19,49858.23828125
2021-03-22,49771.2890625
2021-03-23,50051.44140625
2021-03-24,49180.30859375
2021-03-25,48440.12109375
2021-03-26,49008.5
2021-03-30,50136.578125
2021-03-31,49509.1484375
2021-04-01,50029.828125
2021-04-05,49159.3203125
2021-04-06,49201.390625
2021-04-07,49661.76171875
2021-04-08,49746.2109375
2021-04-09,49591.3203125
2021-04-12,47883.37890625
2021-04-13,48544.05859375
2021-04-15,48803.6796875
2021-04-16,48832.03125
2021-04-19,47949.421875
2021-04-20,47705.80078125
2021-04-22,48080.671875
2021-04-23,47878.44921875
2021-04-26,48386.51171875
2021-04-27,48944.140625
2021-04-28,49733.83984375
2021-04-29,49765.94140625
2021-04-30,48782.359375
2021-05-03,48718.51953125
2021-05-04,48253.51171875
2021-05-05,48677.55078125
2021-05-06,48949.76171875
2021-05-10,49502.41015625
2021-05-11,49161.80859375
2021-05-12,48690.80078125
2021-05-14,48732.55078125
2021-05-17,49580.73046875
2021-05-18,50193.328125
2021-05-19,49902.640625
2021-05-20,49564.859375
2021-05-21,50540.48046875
2021-05-24,50651.8984375
2021-05-25,50637.53125
2021-05-26,51017.51953125
2021-05-27,51115.21875
2021-05-28,51422.87890625
2021-05-31,51937.44140625
2021-06-01,51934.87890625
2021-06-02,51849.48046875
2021-06-03,52232.4296875
2021-06-04,52100.05078125
2021-06-07,52328.51171875
2021-06-08,52275.5703125
2021-06-09,51941.640625
2021-06-10,52300.46875
2021-06-11,52474.76171875
2021-06-14,52551.53125
2021-06-15,52773.05078125
2021-06-16,52501.98046875
2021-06-17,52323.328125
2021-06-18,52344.44921875
2021-06-21,52574.4609375
2021-06-22,52588.7109375
2021-06-23,52306.078125
2021-06-24,52699.0
2021-06-25,52925.0390625
2021-06-28,52735.58984375
2021-06-29,52549.66015625
2021-06-30,52482.7109375
2021-07-01,52318.6015625
2021-07-02,52484.671875
2021-07-05,52880.0
2021-07-06,52861.1796875
2021-07-07,53054.76171875
2021-07-08,52568.94140625
2021-07-09,52386.19140625
2021-07-12,52372.69140625
2021-07-13,52769.73046875
2021-07-14,52904.05078125
2021-07-15,53158.8515625
2021-07-16,53140.05859375
2021-07-19,52553.3984375
2021-07-20,52198.51171875
2021-07-22,52837.2109375
2021-07-23,52975.80078125
2021-07-26,52852.26953125
2021-07-27,52578.76171875
2021-07-28,52443.7109375
2021-07-29,52653.0703125
2021-07-30,52586.83984375
2021-08-02,52950.62890625
2021-08-03,53823.359375
2021-08-04,54369.76953125
2021-08-05,54492.83984375
2021-08-06,54277.71875
2021-08-09,54402.8515625
2021-08-10,54554.66015625
2021-08-11,54525.9296875
2021-08-12,54843.98046875
2021-08-13,55437.2890625
2021-08-16,55582.578125
2021-08-17,55792.26953125
2021-08-18,55629.48828125
2021-08-20,55329.3203125
2021-08-23,55555.7890625
2021-08-24,55958.98046875
2021-08-25,55944.2109375
2021-08-26,55949.1015625
2021-08-27,56124.71875
2021-08-30,56889.76171875
2021-08-31,57552.390625
2021-09-01,57338.2109375
2021-09-02,57852.5390625
2021-09-03,58129.94921875
2021-09-06,58296.91015625
2021-09-07,58279.48046875
2021-09-08,58250.26171875
2021-09-09,58305.0703125
2021-09-13,58177.76171875
2021-09-14,58247.08984375
2021-09-15,58723.19921875
2021-09-16,59141.16015625
2021-09-17,59015.890625
2021-09-20,58490.9296875
2021-09-21,59005.26953125
2021-09-22,58927.328125
2021-09-23,59885.359375
2021-09-24,60048.46875
2021-09-27,60077.87890625
2021-09-28,59667.6015625
2021-09-29,59413.26953125
2021-09-30,59126.359375
2021-10-01,58765.578125
2021-10-04,59299.3203125
2021-10-05,59744.87890625
2021-10-06,59189.73046875
2021-10-07,59677.828125
2021-10-08,60059.05859375
2021-10-11,60135.78125
2021-10-12,60284.30859375
2021-10-13,60737.05078125
2021-10-14,61305.94921875
2021-10-18,61765.58984375
2021-10-19,61716.05078125
2021-10-20,61259.9609375
2021-10-21,60923.5
2021-10-22,60821.62109375
2021-10-25,60967.05078125
2021-10-26,61350.26171875
2021-10-27,61143.328125
2021-10-28,59984.69921875
2021-10-29,59306.9296875
2021-11-01,60138.4609375
2021-11-02,60029.05859375
2021-11-03,59771.921875
2021-11-04,60067.62109375
2021-11-08,60545.609375
2021-11-09,60433.44921875
2021-11-10,60352.8203125
2021-11-11,59919.69140625
2021-11-12,60686.69140625
2021-11-15,60718.7109375
2021-11-16,60322.37109375
2021-11-17,60008.328125
2021-11-18,59636.01171875
2021-11-22,58465.890625
2021-11-23,58664.328125
2021-11-24,58340.98828125
2021-11-25,58795.08984375
2021-11-26,57107.1484375
2021-11-29,57260.578125
2021-11-30,57064.87109375
2021-12-01,57684.7890625
2021-12-02,58461.2890625
2021-12-03,57696.4609375
2021-12-06,56747.140625
2021-12-07,57633.6484375
2021-12-08,58649.6796875
2021-12-09,58807.12890625
2021-12-10,58786.671875
2021-12-13,58283.421875
2021-12-14,58117.08984375
2021-12-15,57788.03125
2021-12-16,57901.140625
2021-12-17,57011.73828125
2021-12-20,55822.01171875
2021-12-21,56319.01171875
2021-12-22,56930.55859375
2021-12-23,57315.28125
2021-12-24,57124.30859375
2021-12-27,57420.23828125
2021-12-28,57897.48046875
2021-12-29,57806.48828125
2021-12-30,57794.3203125
2021-12-31,58253.8203125
2022-01-03,59183.21875
2022-01-04,59855.9296875
2022-01-05,60223.1484375
2022-01-06,59601.83984375
2022-01-07,59744.6484375
2022-01-10,60395.62890625
2022-01-11,60616.890625
2022-01-12,61150.0390625
2022-01-13,61235.30078125
2022-01-14,61223.03125
2022-01-17,61308.91015625
2022-01-18,60754.859375
2022-01-19,60098.8203125
2022-01-20,59464.62109375
2022-01-21,59037.1796875
2022-01-24,57491.51171875
2022-01-25,57858.1484375
2022-01-27,57276.94140625
2022-01-28,57200.23046875
2022-01-31,58014.171875
2022-02-01,58862.5703125
2022-02-02,59558.328125
2022-02-03,58788.01953125
2022-02-04,58644.8203125
2022-02-07,57621.19140625
2022-02-08,57808.578125
2022-02-09,58465.96875
2022-02-10,58926.03125
2022-02-11,58152.921875
2022-02-14,56405.83984375
2022-02-15,58142.05078125
2022-02-16,57996.6796875
2022-02-17,57892.01171875
2022-02-18,57832.96875
2022-02-21,57683.58984375
2022-02-22,57300.6796875
2022-02-23,57232.05859375
2022-02-24,54529.91015625
2022-02-25,55858.51953125
2022-02-28,56247.28125
2022-03-02,55468.8984375
2022-03-03,55102.6796875
2022-03-04,54333.80859375
2022-03-07,52842.75
2022-03-08,53424.08984375
2022-03-09,54647.328125
2022-03-10,55464.390625
2022-03-11,55550.30078125
2022-03-14,56486.01953125
2022-03-15,55776.8515625
2022-03-16,56816.6484375
2022-03-17,57863.9296875
2022-03-21,57292.48828125
2022-03-22,57989.30078125
2022-03-23,57684.8203125
2022-03-24,57595.6796875
2022-03-25,57362.19921875
2022-03-28,57593.48828125
2022-03-29,57943.6484375
2022-03-30,58683.98828125
2022-03-31,58568.51171875
2022-04-01,59276.69140625
2022-04-04,60611.73828125
2022-04-05,60176.5
2022-04-06,59610.41015625
2022-04-07,59034.94921875
2022-04-08,59447.1796875
2022-04-11,58964.5703125
2022-04-12,58576.37109375
2022-04-13,58338.9296875
2022-04-18,57166.73828125
2022-04-19,56463.1484375
2022-04-20,57037.5
2022-04-21,57911.6796875
2022-04-22,57197.1484375
2022-04-25,56579.890625
2022-04-26,57356.609375
2022-04-27,56819.390625
2022-04-28,57521.05859375
2022-04-29,57060.87109375
2022-05-02,56975.98828125
2022-05-04,55669.03125
2022-05-05,55702.23046875
2022-05-06,54835.578125
2022-05-09,54470.671875
2022-05-10,54364.8515625
2022-05-11,54088.390625
2022-05-12,52930.30859375
2022-05-13,52793.62109375
2022-05-16,52973.83984375
2022-05-17,54318.46875
2022-05-18,54208.53125
2022-05-19,52792.23046875
2022-05-20,54326.390625
2022-05-23,54288.609375
2022-05-24,54052.609375
2022-05-25,53749.26171875
2022-05-26,54252.53125
2022-05-27,54884.66015625
2022-05-30,55925.73828125
2022-05-31,55566.41015625
2022-06-01,55381.171875
2022-06-02,55818.109375
2022-06-03,55769.23046875
2022-06-06,55675.3203125
2022-06-07,55107.33984375
2022-06-08,54892.48828125
2022-06-09,55320.28125
2022-06-10,54303.44140625
2022-06-13,52846.69921875
2022-06-14,52693.5703125
2022-06-15,52541.390625
2022-06-16,51495.7890625
2022-06-17,51360.421875
2022-06-20,51597.83984375
2022-06-21,52532.0703125
2022-06-22,51822.53125
2022-06-23,52265.71875
2022-06-24,52727.98046875
2022-06-27,53161.28125
2022-06-28,53177.44921875
2022-06-29,53026.96875
2022-06-30,53018.94140625
2022-07-01,52907.9296875
2022-07-04,53234.76953125
2022-07-05,53134.3515625
2022-07-06,53750.96875
2022-07-07,54178.4609375
2022-07-08,54481.83984375
2022-07-11,54395.23046875
2022-07-12,53886.609375
2022-07-13,53514.1484375
2022-07-14,53416.1484375
2022-07-15,53760.78125
2022-07-18,54521.1484375
2022-07-19,54767.62109375
2022-07-20,55397.53125
2022-07-21,55681.94921875
2022-07-22,56072.23046875
2022-07-25,55766.21875
2022-07-26,55268.48828125
2022-07-27,55816.3203125
2022-07-28,56857.7890625
2022-07-29,57570.25
2022-08-01,58115.5
2022-08-02,58136.359375
2022-08-03,58350.53125
2022-08-04,58298.80078125
2022-08-05,58387.9296875
2022-08-08,58853.0703125
2022-08-10,58817.2890625
2022-08-11,59332.6015625
2022-08-12,59462.78125
2022-08-16,59842.2109375
2022-08-17,60260.12890625
2022-08-18,60298.0
2022-08-19,59646.1484375
2022-08-22,58773.87109375
2022-08-23,59031.30078125
2022-08-24,59085.4296875
2022-08-25,58774.71875
2022-08-26,58833.87109375
2022-08-29,57972.62109375
2022-08-30,59537.0703125
2022-09-01,58766.58984375
2022-09-02,58803.328125
2022-09-05,59245.98046875
2022-09-06,59196.98828125
2022-09-07,59028.91015625
2022-09-08,59688.21875
2022-09-09,59793.140625
2022-09-12,60115.12890625
2022-09-13,60571.078125
2022-09-14,60346.96875
2022-09-15,59934.01171875
2022-09-16,58840.7890625
2022-09-19,59141.23046875
2022-09-20,59719.73828125
2022-09-21,59456.78125
2022-09-22,59119.71875
2022-09-23,58098.921875
2022-09-26,57145.21875
2022-09-27,57107.51953125
2022-09-28,56598.28125
2022-09-29,56409.9609375
2022-09-30,57426.921875
2022-10-03,56788.80859375
2022-10-04,58065.46875
2022-10-06,58222.1015625
2022-10-07,58191.2890625
2022-10-10,57991.109375
2022-10-11,57147.3203125
2022-10-12,57625.91015625
2022-10-13,57235.328125
2022-10-14,57919.96875
2022-10-17,58410.98046875
2022-10-18,58960.6015625
2022-10-19,59107.19140625
2022-10-20,59202.8984375
2022-10-21,59307.1484375
2022-10-24,59831.66015625
2022-10-25,59543.9609375
2022-10-27,59756.83984375
2022-10-28,59959.8515625
2022-10-31,60746.58984375
2022-11-01,61121.3515625
2022-11-02,60906.08984375
2022-11-03,60836.41015625
2022-11-04,60950.359375
2022-11-07,61185.1484375
2022-11-09,61033.55078125
2022-11-10,60613.69921875
2022-11-11,61795.0390625
2022-11-14,61624.1484375
2022-11-15,61872.98828125
2022-11-16,61980.71875
2022-11-17,61750.6015625
2022-11-18,61663.48046875
2022-11-21,61144.83984375
2022-11-22,61418.9609375
2022-11-23,61510.578125
2022-11-24,62272.6796875
2022-11-25,62293.640625
2022-11-28,62504.80078125
2022-11-29,62681.83984375
2022-11-30,63099.6484375
2022-12-01,63284.19140625
2022-12-02,62868.5
2022-12-05,62834.6015625
2022-12-06,62626.359375
2022-12-07,62410.6796875
2022-12-08,62570.6796875
2022-12-09,62181.671875
2022-12-12,62130.5703125
2022-12-13,62533.30078125
2022-12-14,62677.91015625
2022-12-15,61799.03125
2022-12-16,61337.80859375
2022-12-19,61806.19140625
2022-12-20,61702.2890625
2022-12-21,61067.23828125
2022-12-22,60826.21875
2022-12-23,59845.2890625
2022-12-26,60566.421875
2022-12-27,60927.4296875
2022-12-28,60910.28125
2022-12-29,61133.87890625
2022-12-30,60840.73828125
2023-01-02,61167.7890625
2023-01-03,61294.19921875
2023-01-04,60657.44921875
2023-01-05,60353.26953125
2023-01-06,59900.37109375
2023-01-09,60747.30859375
2023-01-10,60115.48046875
2023-01-11,60105.5
2023-01-12,59958.03125
2023-01-13,60261.1796875
2023-01-16,60092.96875
2023-01-17,60655.71875
2023-01-18,61045.73828125
2023-01-19,60858.4296875
2023-01-20,60621.76953125
2023-01-23,60941.671875
2023-01-24,60978.75
2023-01-25,60205.05859375
2023-01-27,59330.8984375
2023-01-30,59500.41015625
2023-01-31,59549.8984375
2023-02-01,59708.078125
2023-02-02,59932.23828125
2023-02-03,60841.87890625
2023-02-06,60506.8984375
2023-02-07,60286.0390625
2023-02-08,60663.7890625
2023-02-09,60806.21875
2023-02-10,60682.69921875
2023-02-13,60431.83984375
2023-02-14,61032.26171875
2023-02-15,61275.08984375
2023-02-16,61319.51171875
2023-02-17,61002.5703125
2023-02-20,60691.5390625
2023-02-21,60672.71875
2023-02-22,59744.98046875
2023-02-23,59605.80078125
2023-02-24,59463.9296875
2023-02-27,59288.3515625
2023-02-28,58962.12109375
2023-03-01,59411.078125
2023-03-02,58909.3515625
2023-03-03,59808.96875
2023-03-06,60224.4609375
2023-03-08,60348.08984375
2023-03-09,59806.28125
2023-03-10,59135.12890625
2023-03-13,58237.8515625
2023-03-14,57900.19140625
2023-03-15,57555.8984375
2023-03-16,57634.83984375
2023-03-17,57989.8984375
2023-03-20,57628.94921875
2023-03-21,58074.6796875
2023-03-22,58214.58984375
2023-03-23,57925.28125
2023-03-24,57527.1015625
2023-03-27,57653.859375
2023-03-28,57613.71875
2023-03-29,57960.08984375
2023-03-31,58991.51953125
2023-04-03,59106.44140625
2023-04-05,59689.30859375
2023-04-06,59832.96875
2023-04-10,59846.51171875
2023-04-11,60157.71875
2023-04-12,60392.76953125
2023-04-13,60431.0
2023-04-17,59910.75
2023-04-18,59727.01171875
2023-04-19,59567.80078125
2023-04-20,59632.3515625
2023-04-21,59655.05859375
2023-04-24,60056.1015625
2023-04-25,60130.7109375
2023-04-26,60300.578125
2023-04-27,60649.37890625
2023-04-28,61112.44140625
2023-05-02,61354.7109375
2023-05-03,61193.30078125
2023-05-04,61749.25
2023-05-05,61054.2890625
2023-05-08,61764.25
2023-05-09,61761.328125
2023-05-10,61940.19921875
2023-05-11,61904.51953125
2023-05-12,62027.8984375
2023-05-15,62345.7109375
2023-05-16,61932.46875
2023-05-17,61560.640625
2023-05-18,61431.73828125
2023-05-19,61729.6796875
2023-05-22,61963.6796875
2023-05-23,61981.7890625
2023-05-24,61773.78125
2023-05-25,61872.62109375
2023-05-26,62501.69140625
2023-05-29,62846.37890625
2023-05-30,62969.12890625
2023-05-31,62622.23828125
2023-06-01,62428.5390625
2023-06-02,62547.109375
2023-06-05,62787.46875
2023-06-06,62792.87890625
2023-06-07,63142.9609375
2023-06-08,62848.640625
2023-06-09,62625.62890625
2023-06-12,62724.7109375
2023-06-13,63143.16015625
2023-06-14,63228.51171875
2023-06-15,62917.62890625
2023-06-16,63384.578125
2023-06-19,63168.30078125
2023-06-20,63327.69921875
2023-06-21,63523.1484375
2023-06-22,63238.890625
2023-06-23,62979.37109375
2023-06-26,62970.0
2023-06-27,63416.03125
2023-06-28,63915.421875
2023-06-30,64718.55859375
2023-07-03,65205.05078125
2023-07-04,65479.05078125
2023-07-05,65446.0390625
2023-07-06,65785.640625
2023-07-07,65280.44921875
2023-07-10,65344.171875
2023-07-11,65617.84375
2023-07-12,65393.8984375
2023-07-13,65558.890625
2023-07-14,66060.8984375
2023-07-17,66589.9296875
2023-07-18,66795.140625
2023-07-19,67097.4375
2023-07-20,67571.8984375
2023-07-21,66684.2578125
2023-07-24,66384.78125
2023-07-25,66355.7109375
2023-07-26,66707.203125
2023-07-27,66266.8203125
2023-07-28,66160.203125
2023-07-31,66527.671875
2023-08-01,66459.3125
2023-08-02,65782.78125
2023-08-03,65240.6796875
2023-08-04,65721.25
2023-08-07,65953.4765625
2023-08-08,65846.5
2023-08-09,65995.8125
2023-08-10,65688.1796875
2023-08-11,65322.6484375
2023-08-14,65401.921875
2023-08-16,65539.421875
2023-08-17,65151.01953125
2023-08-18,64948.66015625
2023-08-21,65216.08984375
2023-08-22,65220.03125
2023-08-23,65433.30078125
2023-08-24,65252.33984375
2023-08-25,64886.51171875
2023-08-28,64996.6015625
2023-08-29,65075.8203125
2023-08-30,65087.25
2023-08-31,64831.41015625
2023-09-01,65387.16015625
2023-09-04,65628.140625
2023-09-05,65780.2578125
2023-09-06,65880.5234375
2023-09-07,66265.5625
2023-09-08,66598.90625
2023-09-11,67127.078125
2023-09-12,67221.1328125
2023-09-13,67466.9921875
2023-09-14,67519.0
2023-09-15,67838.6328125
2023-09-18,67596.84375
2023-09-20,66800.84375
2023-09-21,66230.2421875
2023-09-22,66009.1484375
2023-09-25,66023.6875
2023-09-26,65945.46875
2023-09-27,66118.6875
2023-09-28,65508.3203125
2023-09-29,65828.40625
2023-10-03,65512.1015625
2023-10-04,65226.0390625
2023-10-05,65631.5703125
2023-10-06,65995.6328125
2023-10-09,65512.390625
2023-10-10,66079.359375
2023-10-11,66473.046875
2023-10-12,66408.390625
2023-10-13,66282.7421875
2023-10-16,66166.9296875
2023-10-17,66428.09375
2023-10-18,65877.0234375
2023-10-19,65629.2421875
2023-10-20,65397.62109375
2023-10-23,64571.87890625
2023-10-25,64049.05859375
2023-10-26,63148.1484375
2023-10-27,63782.80078125
2023-10-30,64112.6484375
2023-10-31,63874.9296875
2023-11-01,63591.328125
2023-11-02,64080.8984375
2023-11-03,64363.78125
2023-11-06,64958.69140625
2023-11-07,64942.3984375
2023-11-08,64975.609375
2023-11-09,64832.19921875
2023-11-10,64904.6796875
2023-11-13,64933.87109375
2023-11-15,65675.9296875
2023-11-16,65982.4765625
2023-11-17,65794.7265625
2023-11-20,65655.1484375
2023-11-21,65930.7734375
2023-11-22,66023.2421875
2023-11-23,66017.8125
2023-11-24,65970.0390625
2023-11-28,66174.203125
2023-11-29,66901.90625
2023-11-30,66988.4375
2023-12-01,67481.1875
2023-12-04,68865.1171875
2023-12-05,69296.140625
2023-12-06,69653.7265625
2023-12-07,69521.6875
2023-12-08,69825.6015625
2023-12-11,69928.53125
2023-12-12,69551.03125
2023-12-13,69584.6015625
2023-12-14,70514.203125
2023-12-15,71483.75
2023-12-18,71315.09375
2023-12-19,71437.1875
2023-12-20,70506.3125
2023-12-21,70865.1015625
2023-12-22,71106.9609375
2023-12-26,71336.796875
2023-12-27,72038.4296875
2023-12-28,72410.3828125
2023-12-29,72240.2578125
